{
 "08f3f627a.jpg": {
  "AP": 0.25,
  "precisions": [
   1.0,
   1.0,
   0.5,
   0.3333333333333333,
   0.0
  ],
  "recalls": [
   0.0,
   0.25,
   0.25,
   0.25,
   1.0
  ],
  "overlaps": [
   [
    0.0,
    0.0,
    0.6403743028640747,
    0.0
   ],
   [
    0.0,
    0.45517241954803467,
    0.0,
    0.0
   ],
   [
    0.41624364256858826,
    0.0,
    0.0,
    0.0
   ]
  ]
 },
 "f3f80b4db.jpg": {
  "AP": 0.25000000931322575,
  "precisions": [
   1.0,
   1.0,
   0.75,
   0.75,
   0.75,
   0.6,
   0.0
  ],
  "recalls": [
   0.0,
   0.10000000149011612,
   0.10000000149011612,
   0.20000000298023224,
   0.30000001192092896,
   0.30000001192092896,
   1.0
  ],
  "overlaps": [
   [
    0.0,
    0.19801980257034302,
    0.0,
    0.0,
    0.041372351348400116,
    0.5806074738502502,
    0.0,
    0.0,
    0.0,
    0.0
   ],
   [
    0.49114754796028137,
    0.0,
    0.20845481753349304,
    0.0,
    0.0,
    0.0,
    0.0,
    0.09514031559228897,
    0.0,
    0.0
   ],
   [
    0.0,
    0.0,
    0.0,
    0.6735668778419495,
    0.0,
    0.0,
    0.0,
    0.0,
    0.0,
    0.0
   ],
   [
    0.0,
    0.0,
    0.0,
    0.0,
    0.0,
    0.0,
    0.0,
    0.0,
    0.0,
    0.5509554147720337
   ],
   [
    0.0,
    0.0,
    0.0,
    0.0,
    0.0,
    0.0,
    0.3667953610420227,
    0.0,
    0.29383885860443115,
    0.0
   ]
  ]
 },
 "60f33f4ef.jpg": {
  "AP": 0.4000000059604645,
  "precisions": [
   1.0,
   1.0,
   1.0,
   0.6666666666666666,
   0.0
  ],
  "recalls": [
   0.0,
   0.20000000298023224,
   0.4000000059604645,
   0.4000000059604645,
   1.0
  ],
  "overlaps": [
   [
    0.7671459913253784,
    0.0,
    0.0,
    0.0,
    0.0
   ],
   [
    0.0,
    0.0,
    0.0,
    0.686161458492279,
    0.0
   ],
   [
    0.0,
    0.0,
    0.2815789580345154,
    0.0,
    0.18327973783016205
   ]
  ]
 },
 "c623f7a52.jpg": {
  "AP": 0.6666666865348816,
  "precisions": [
   1.0,
   1.0,
   1.0,
   1.0,
   1.0,
   0.0
  ],
  "recalls": [
   0.0,
   0.1666666716337204,
   0.3333333432674408,
   0.5,
   0.6666666865348816,
   1.0
  ],
  "overlaps": [
   [
    0.0,
    0.0,
    0.7152777910232544,
    0.0,
    0.0,
    0.0
   ],
   [
    0.6561627388000488,
    0.0,
    0.0,
    0.0,
    0.0,
    0.0
   ],
   [
    0.0,
    0.7084832787513733,
    0.0,
    0.0,
    0.0,
    0.0
   ],
   [
    0.0,
    0.0,
    0.0,
    0.635937511920929,
    0.0,
    0.0
   ]
  ]
 },
 "26c113120.jpg": {
  "AP": 1.0,
  "precisions": [
   1.0,
   1.0,
   0.0
  ],
  "recalls": [
   0.0,
   1.0,
   1.0
  ],
  "overlaps": [
   [
    0.8297520875930786
   ]
  ]
 },
 "0a460dfc5.jpg": {
  "AP": 1.0,
  "precisions": [
   1.0,
   1.0,
   1.0,
   0.0
  ],
  "recalls": [
   0.0,
   0.5,
   1.0,
   1.0
  ],
  "overlaps": [
   [
    0.0,
    0.6385193467140198
   ],
   [
    0.6431014537811279,
    0.0
   ]
  ]
 },
 "7cac6dc5f.jpg": {
  "AP": 1.0,
  "precisions": [
   1.0,
   1.0,
   0.5,
   0.0
  ],
  "recalls": [
   0.0,
   1.0,
   1.0,
   1.0
  ],
  "overlaps": [
   [
    0.6577540040016174
   ],
   [
    0.0
   ]
  ]
 },
 "f97f80839.jpg": {
  "AP": 1.0,
  "precisions": [
   1.0,
   1.0,
   0.5,
   0.0
  ],
  "recalls": [
   0.0,
   1.0,
   1.0,
   1.0
  ],
  "overlaps": [
   [
    0.6606239676475525
   ],
   [
    0.0
   ]
  ]
 },
 "fc00f3193.jpg": {
  "AP": 0.75,
  "precisions": [
   1.0,
   1.0,
   1.0,
   1.0,
   0.0
  ],
  "recalls": [
   0.0,
   0.25,
   0.5,
   0.75,
   1.0
  ],
  "overlaps": [
   [
    0.5653846263885498,
    0.0,
    0.0,
    0.0
   ],
   [
    0.0,
    0.0,
    0.5415861010551453,
    0.0
   ],
   [
    0.0,
    0.0,
    0.0,
    0.6047297120094299
   ]
  ]
 },
 "27ce88424.jpg": {
  "AP": 0.6666666865348816,
  "precisions": [
   1.0,
   1.0,
   1.0,
   0.0
  ],
  "recalls": [
   0.0,
   0.3333333432674408,
   0.6666666865348816,
   1.0
  ],
  "overlaps": [
   [
    0.0,
    0.7767584323883057,
    0.0
   ],
   [
    0.0,
    0.0,
    0.5572858452796936
   ]
  ]
 },
 "bea438f39.jpg": {
  "AP": 0.8333333358168602,
  "precisions": [
   1.0,
   1.0,
   0.75,
   0.75,
   0.75,
   0.0
  ],
  "recalls": [
   0.0,
   0.3333333432674408,
   0.3333333432674408,
   0.6666666865348816,
   1.0,
   1.0
  ],
  "overlaps": [
   [
    0.0,
    0.6045801639556885,
    0.0
   ],
   [
    0.0,
    0.0,
    0.0
   ],
   [
    0.0,
    0.0,
    0.7278226017951965
   ],
   [
    0.6997792720794678,
    0.0,
    0.0
   ]
  ]
 },
 "f69ab5024.jpg": {
  "AP": 0.125,
  "precisions": [
   0.5,
   0.5,
   0.5,
   0.0
  ],
  "recalls": [
   0.0,
   0.0,
   0.25,
   1.0
  ],
  "overlaps": [
   [
    0.4485854208469391,
    0.03562713414430618,
    0.0,
    0.0
   ],
   [
    0.0,
    0.0,
    0.0,
    0.8057894110679626
   ]
  ]
 },
 "ddb60deef.jpg": {
  "AP": 0.0,
  "precisions": [
   0.0,
   0.0,
   0.0,
   0.0
  ],
  "recalls": [
   0.0,
   0.0,
   0.0,
   1.0
  ],
  "overlaps": [
   [
    0.10722347348928452,
    0.0
   ],
   [
    0.0,
    0.3814432919025421
   ]
  ]
 },
 "d4c0f017a.jpg": {
  "AP": 0.5,
  "precisions": [
   0.5,
   0.5,
   0.5,
   0.0
  ],
  "recalls": [
   0.0,
   0.0,
   1.0,
   1.0
  ],
  "overlaps": [
   [
    0.0
   ],
   [
    0.7136735320091248
   ]
  ]
 },
 "8fb84ab8b.jpg": {
  "AP": 1.0,
  "precisions": [
   1.0,
   1.0,
   0.0
  ],
  "recalls": [
   0.0,
   1.0,
   1.0
  ],
  "overlaps": [
   [
    0.5440095663070679
   ]
  ]
 },
 "6260359bc.jpg": {
  "AP": 1.0,
  "precisions": [
   1.0,
   1.0,
   0.0
  ],
  "recalls": [
   0.0,
   1.0,
   1.0
  ],
  "overlaps": [
   [
    0.6361982822418213
   ]
  ]
 },
 "596b97e57.jpg": {
  "AP": 0.5,
  "precisions": [
   1.0,
   1.0,
   1.0,
   1.0,
   0.0
  ],
  "recalls": [
   0.0,
   0.1666666716337204,
   0.3333333432674408,
   0.5,
   1.0
  ],
  "overlaps": [
   [
    0.6178343892097473,
    0.0,
    0.0,
    0.0,
    0.0,
    0.0
   ],
   [
    0.0,
    0.0,
    0.6746987700462341,
    0.0,
    0.0,
    0.0
   ],
   [
    0.0,
    0.0,
    0.0,
    0.6060606241226196,
    0.0,
    0.0
   ]
  ]
 },
 "27727de71.jpg": {
  "AP": 0.0,
  "precisions": [
   0.0,
   0.0,
   0.0
  ],
  "recalls": [
   0.0,
   0.0,
   1.0
  ],
  "overlaps": [
   [
    0.3252054750919342
   ]
  ]
 },
 "e422d20fa.jpg": {
  "AP": 0.0,
  "precisions": [
   0.0,
   0.0,
   0.0,
   0.0
  ],
  "recalls": [
   0.0,
   0.0,
   0.0,
   1.0
  ],
  "overlaps": [
   [
    0.026209676638245583
   ],
   [
    0.0
   ]
  ]
 },
 "057e90bcf.jpg": {
  "AP": 1.0,
  "precisions": [
   1.0,
   1.0,
   0.0
  ],
  "recalls": [
   0.0,
   1.0,
   1.0
  ],
  "overlaps": [
   [
    0.653031051158905
   ]
  ]
 },
 "b54923d5e.jpg": {
  "AP": 0.75,
  "precisions": [
   1.0,
   1.0,
   1.0,
   1.0,
   0.0
  ],
  "recalls": [
   0.0,
   0.25,
   0.5,
   0.75,
   1.0
  ],
  "overlaps": [
   [
    0.0,
    0.0,
    0.0,
    0.7438057661056519
   ],
   [
    0.0,
    0.7702779173851013,
    0.0018461538711562753,
    0.0
   ],
   [
    0.6887242197990417,
    0.0,
    0.0,
    0.0
   ]
  ]
 },
 "aa901772f.jpg": {
  "AP": 1.0,
  "precisions": [
   1.0,
   1.0,
   0.0
  ],
  "recalls": [
   0.0,
   1.0,
   1.0
  ],
  "overlaps": [
   [
    0.5569620132446289
   ]
  ]
 }
}